NOTE: This timeline is rough. It was 95% accurate at the time of the 60th anniverary (November 2023). It has not been updated since then.,,
SHOW,FORMAT,TITLE
T H E   T I M E   W A R  [GALLIFREY COUNSEL & PRE WAR DOCTORS],,
Doctor Who,Webcast,The Archive of Islos
,,The Sentinel of the Fifth Galaxy
,,Planet of the Mechanoids
,,The Deadly Ally
,,Day of Reckoning
,Big Finish,Master Thief
,,Lesser Evils
,,Celestial Intervention
,,Soldier Obscura
,,The Devil You Know
,,Desperate Measures
,,Havoc
,,Partisans
,,Collateral
,,Assassins
,,Hostiles
,,Nevernor
,,Mother Tongue
,,Unity
,,Deception
,,Dissolution
,,Beyond
,,Homecoming
,,The Last Days of Freme
,,The Passenger
,,Collateral Victim
,,The First Days of Phaidon
,,Aimed at the Body
,,Lightspeed
,,The Bookshop at the End of the World
,,Interlude
,,The Echo Chamber
,,Towards Zero
,,Castle Hydra
,,Effect and Cause
,BBC Book,Natural Regression
,,The Labyrinthine Web
,,The Enigma of Sisterhood
,Big Finish,The Rulers of the Universe
,,The Sontaran Ordeal
,,Day of the Vashta Nerada
,,A Heart on Both Sides
,,All Hands on Deck
,,The Starship Theseus
,,Echos of War
,,The Conscript
,,One Life
,BBC TV,The Last Day
,Big Finish,The Lords of Terror
,,Planet of the Ogrons
,,In the Garden of Death
,,Jonah
,,State of Bliss
,,The Famished Lands
,,Fugitive in Time
,,The War Valeyard
,,Palindrome (Part 1 + 2)
,,Dreadshade
,,Restoration of the Daleks
,,Concealed Weapon
,,The Survivor
,,The Coney Island Chameleon
,,The Missing Link
,,Darkness and Light
,,Lies in Ruins
,,The Edge of Redemption
,,The Scaramancer
,,The Castle of Kurnos 5
,,The Cognition Shift
,,Prequel to Susan’s War
,,Sphere of Influence
,,The Uncertain Shore
,,Assets of War
,,The Shoreditch Intervention
,,Echoes of Extinction (Eight Doctor Side)
,,"He Kills Me, He Kills Me Not"
,,The Enemy of My Enemy
,BBC Book,Doctor Who and the Time War
,,Ghost of Christmas Past
,BBC TV,The Night Of The Doctor
W A R   D O C T O R  (John Hurt),,
Doctor Who,Big Finish,Light The Flame
,,Lion Hearts
,,The Shadow Squad
,,Consequences
,,Destroyer
,,Saviour
,,The Keeper of Light
,,Temmosus
,,Rewind
,,
,Comic,The lost dimension
,BBC Book,The Third Wise Man
,BBC book,The red & the blue
,BBC Book,Engines of War
,Big Finish,The Innocent
,,The Thousand Worlds
,,The Heart of the Battle
,,Legion of the Lost
,,A Thing of Guile
,,The Neverwhen
,,The Shadow Vortex
,,The Eternity Cage
,,Eye of Harmony
,,Pretty Lies
,,The Lady of Obsidian
,,The Enigma Dimension
,BBC Book,Decoy
,,The Stranger
,BBC Book,The Twins in the Wood
,Big Finish,Call for the Dead
,,The Glittering Prize
,,The Persistence of Dreams
,,Sins of the Father
,,From the Flames
,,The Master’s Dalek Plan
,,Shockwave
,,He Who Wins
,,Beneath the Viscold
,,The Good Master
,,The Sky Man
,,The Heavenly Paradigm
,,The Sincerest Form of Flattery
,,A Quiet Night In
,,The Orphan
,,Unfinished Business
,,The Forest of Penitence
,,The Players
,,Boundaries
,,The Last Line
,BBC Book,Pandoric’s Box
"At this point the Doctor believes he (The War Doctor) has destroyed Gallifrey, the Time Lords & the Daleks to end the Time War, and Regenerated into Ninth Doctor.",,
N I N T H   D O C T O R  (Christopher Eccleston),,
Torchwood,Big Finish,The Dying Room
,,Curious
,,Madam I’m
,,Goodbye Picadilly
,,Parasite
,,Ashenden
,,The Black Knight
,,The Unbegotten
,,The Dollhouse
,,Double (Part 1)
,,Double (Part 2)
,,Dead Plates
,,New Girl
,,Through The Ruins
,,Uprising
,,The Law Machines
,,Blind Summit
,,9 to 5
,,The Five People You Kill In Middlesbrough
,,My Guest Tonight
,,Lola
,,Less Majesty
,,One Rule
Doctor Who,,Battle Scars
,BBC Book,Double Falsehood
,,The Hungry Night
,Big Finish,The Oncoming Storm
,,The Bleeding Heart
,BBC Book,The Patchwork Pierrot
,Big Finish,Human Conflict
,,I Was Churchill’s Double
,BBC Book,A Day To Yourselves
,,Grounded
,Big Finish,Sphere of Freedom
,,Cataclysm
,,Food Fight
,,"Girl, Deconstructed"
,,Fright Motif
,,Planet of the End
,,The Hunting Season
,,The Curse of Lady Macbeth
,,Monsters In Montropolis
,,Fond Farewell
,,Way of the Burryman
,,The Forth Generation
,,Station to Station
,,The False Dimitry
,,Auld Lang Syne
,,Salvation Nine
,,Last Of The Zetacene
,,Break The Ice
,,The Seas of Titan
,,Lay Down Your Arms
,,Flatoack
,,The Colour of Terror
,,The Blooming Meanace
,,Red Darkness
,,The Green Gift
,,Northern Lights
,,The Beautiful Game
,BBC Audio,"Project: WHO? - Not an episode, about the relauhc of doctor who. Interesting to listen to."
,BBC TV,Rose
,BBC Book,The Beast of Babylon
,BBC TV,Revenge of the Nestene
,,The End Of The World
,,The Unquiet Dead
,BBC Book,Rose and the Snow Window
,BBC TV,Aliens of London
,,World War Three
Torchwood,Big Finish,Suckers
Doctor Who,,The Window on the Moor
,BBC Audio,The Ashes of Eternity
,BBC Webcast,Sven and the Scarf
,BBC TV,Dalek
,BBC Webcast,Dalek: Spoof Scenes
,Big Finish,The Other Side
,BBC TV,The Long Game
,Game,Robot rose
,Big Finish,Her Own Bootstraps
,BBC Book,The Red Bicycle
,,What I did on my Christmas Holidays by Sally Sparrow
,,The Lost Diaries of Winston Spencer Churchill
,BBC TV,Father’s Day
,BBC Book,The Clockwise Man
,,The Monsters Inside
,,Winner Takes All
,Big Finish,Retail Therapy
,Comic,Monstrous Beauty
Torchwood,Big Finish,Month 25
,,The Restored
,,Escape From Nebazz
,,Peach Blossom Heights
,,Darker Purposes
Doctor Who,,Identity Check
,BBC TV,The Empty Child (Part 1)
,BBC Books,The Companion’s Lement
,BBC TV,The Doctor Dances (Part 2)
,BBC Book,The Deviant Strain
,,Only Human
,BBC TV,Boom Town
,Big Finish,Night of the Whisper
,BBC Book,The Stealers of Dreams
,,Little Rose Riding Hood
,,Doctor Jones
,Big Finish,The Lichyrwic Abomination
,BBC TV,Bad Wolf (Part 1)
,,The Parting of the Ways (Part 2)
,BBC book,Shortness Of Breath
T E N T H   D O C T O R   ( D A V I D   T E N N A N T ),,
Torchwood,Big Finish,The Year After I Died
,,
,,Moving Target
,,Sync
Doctor Who,BBC TV,AKA Born Again
,,The Christmas Invasion
,BBC Book,The Christmas Inversion
,Online Interactive Episode,Attack of the Graske
Torchwood,Big Finish,Retirement Plan
Doctor Who,Online Episode,TARDISode 1
,BBC TV,New Earth
,BBC Book,He’s Behind You
,,The Stone Rose
,,The Feast of the Drowned
,,The Resurrection Casket
,,I Am A Dalek
,Online Episode,TARDISode 2
,BBC TV,Tooth And Claw
Torchwood,Big Finish,The Empire Man
,,Fortitude
,,The Victorian Age
,,Infidel Places
,,Save Our Souls
,,The Crown
Torchwood,BBC Book,The Baby Farmers
Doctor Who,Big Finish,Infamy of the Zaross
,,The Sword of the Chevalier
,,Cold Vengeance
,Online Episode,TARDISode 3
,BBC TV,School Reunion
,BBC Book,The Gingerbread Trap
,Online Episode,TARDISode 4
,BBC TV,The Girl in the Fireplace
,BBC Webcast,Pompadour
,Online Episode,TARDISode 5
,BBC TV,Rise of the Cyberman (Part1)
,Online Episode,TARDISode 6
,BBC TV,The Age of Steel (Part 2)
Torchwood,Big Finish,Locker 15
,,Wednesdays For Beginners
Doctor Who,Online Episode,TARDISode 7
,BBC TV,The Idiot’s Lantern
,Online Episode,TARDISode 8
,BBC TV,The Impossible Planet (Part 1)
,Online Episode,TARDISode 9
,BBC TV,The Satan Pit (Part 2)
,BBC Book,The Nightmare of Black Island
,,The Art of Destruction
,,The Price of Paradise
,Big Finish,The Taste of Death
,Online Episode,TARDISode 10
,BBC TV,Love & Monsters
,BBC Webcast,The Genuine Article
,Online Episode,TARDISode 11
,BBC TV,Fear Her
Torchwood,Big Finish,The last love song of Susie Costello
,,Crush
Doctor Who,Online Episode,TARDISode 12
,BBC TV,Army of Ghosts (Part 1)
,Online Episode,TARDISode 13
,BBC TV,Doomsday (Part 2)
Torchwood,Big Finish,The Rockery
,,The Vigil
,,Iceberg
,BBC TV,Everything Changes
,,Day One
,,Ghost Machine
,BBC Book,Another Life
,,Boarder Princes
,,Slow Decay
,Big Finish,SUV
,BBC TV,Cyberwoman
,,Small Worlds
,Big Finish,Drive
,BBC TV,Countrycide
,,Greeks Bearing Gifts
,Big Finish,Instant Karma
,,Broken
,,Restricted Items Archive Entries 031-049
,BBC TV,They Keep Killing Suzie
,,Random Shoes
,Big Finish,The Conspiracy
,,Uncanny Vally
,BBC TV,Out Of Time
,,Combat
,BBC Audio,Hidden
,Big Finish,The Last Beacon
,,Ex Machina
Doctor Who,BBC TV,The Runaway Bride
Sarah Jane Adv.,BBC TV,Invasion of the Bane
Doctor Who,BBC TV,Smith And Jones
,,The Shakespeare Code
,,Gridlock
,Big Finish,R&J
,BBC TV,Daleks in Manhattan
,,Evolution of the Daleks (Part 2)
,Big Finish,Backtrack
,BBC TV,The Infinite Quest
,,The Lazarus Experiment
,BBC Book,The Mystery of the Haunted Cottage
,,Made of Steel
,,Sting of the Zygons
,,The Last Dodo
,,Wooden Heart
,,The Spaceship Graveyard
,,Alien Arena
,,The Time Crocodile
,,The Corinthian Project
,,42 (Prologue)
,BBC TV,42
,,Human Nature (Part 1)
,,The Family of Blood (Part 2)
,,Blink
,BBC Webcast,Sally Sparrow and the Weeping Ángels
,BBC Book,The Garden of Statues
,,The Angels of Vengeance
,,Forever Autumn
,,Sick Building
,,Wetworld
,,Wishing Well
,,The Pirate Loop
,,Peacemaker
,,Revenge of the Judoon
,,Martha In the Mirror
,,Snowglobe 7
,,The Many Hands
,,The Crystal Snare
,,War of the Robots
,,Dark Planet
,,The Haunted Wagon Train
,,The Horror of Howling Hill
,,Lost Luggage
,,Second Skin
,,The Dragon King
,,Rewriting History
Torchwood,BBC TV,Captain Jack Harkness
,,End of Days
Doctor Who,,Utopia
,,The Sound of Drums
,BBC Book,The Story of Martha
,Big Finish,The Last Diner
,,Silver Medal
,,Deceived
,BBC Book,The Unwanted Gift of Propehcy
,BBC Book,Blue Moon
,BBC TV,Last of the Time Lords (Part 3)
,,Time Crash
,,Voyage of the Damned
Torchwood,BBC Book,Kaleidoscope
,Big Finish,Dinner and a Show
,,Lease of Life
,,War Chest
,,
,BBC TV,"Kiss Kiss, Bang Bang"
Sarah Jane Adv.,BBC TV,Revenge of the Slitheen (Parts 1 + 2)
,,Eye of the Gorgon (Parts 1 + 2)
,,Warriors of the Kudlak (Parts 1 + 2)
,,Whatever Happened To Sarah Jane? (Parts 1 + 2)
,,The Lost Boy (Parts 1 + 2)
,BBC Audio,The Glittering Storm
,,The Thirteenth Stone
Torchwood,BBC TV,Sleeper
,Big Finish,Serenity
,BBC TV,To the Last Man
,Big Finish,Fall to Earth
,,Zone 10
,,The Office of Never Was
,BBC Book,Something in the Water
,,Trace Memory
,BBC Audio,Everyone Says Hello
,BBC TV,Meat
,,Adam
,BBC Book,The Twilight Streets
,Big Finish,Tropical Beach Sounds and Other Relaxing Seascapes #4
,BBC TV,Reset
,,Dead Man Walking
,,A Day in the Death
,BBC Book,Pack Animals
,BBC TV,Something Borrowed
,BBC Book,SkyPoint
,Big Finish,Believe  (Parts 1-3)
,BBC TV,From Out of the Rain
,BBC TV,Adrift
,Big Finish,Corpse Day
,,torchwood_cascade_CDRip.tor
,,The Hope
,,The Three Monkeys
,,Gooseberry
,,The Great Sontaran War
,,The Grey Mare
,BBC TV,Fragments
,,Exit Wounds
,,The Death of Captain Jack
,Big Finish,Expectant
,BBC Audio Drama,Lost Souls
,BBC Book,Almost Perfect
Doctor Who,Big Finish,The Endless Night
,,The Flood
,,Ghost Machines
,,The Last Party on Earth
,,Saltwater
,,Now is the New Dark
,,The Rouge Planet
,BBC TV,Partners in Crime
,,The Fire of Pompeii
,Doctor Who Webcast,The Descendants of Pompeii
,BBC TV,Planet of the Ood
,BBC Audio,Pest Control
,,The Nemonite Invasion
,BBC Book,The Lonely Computer
,,Defiance of the New Bloods
,BBC TV,The Sontaran Stratagem (Part 1)
,,The Poison Sky (Part 2)
,,The Doctor’s Daughter
,Big Finish,Stolen Goods
,,Prisoner of the Ood
,,Neon Reign
,,Zero Space
,BBC TV,The Unicorn and the Wasp
,,Silence in the Library (Part 1)
,,Forest of the Dead (Part 2)
,Big Finish,Prequel to Donna Noble: Kidnapped!
,,Out of this World
,,Spinvasion
,,The Sorcerer of Albion
,,The Chiswick Cuckoos
,,Technophobia
,,Time Reaver
,BBC Book,Blood Will Out
,,In The Blood
,,Shining Darkness
,,The Doctor Trap
,,Ghosts of India
,,Beautiful Chaos
,BBC Audio,The Forever Trap
,Big Finish,Death and the Queen
,,Wild Pastures
,,No Place
,,One Mile Down
,,The Creeping Death
,BBC Book,The Legend of Camelot
,BBC TV,Midnight
,,Turn Left
,BBC Webcast,U.N.I.T. On Call
,BBC TV,The Stolen Earth
,,Journeys End
,,Music of the Spheres
,Big Finish,The Siege of Big Ben
,,Flight Into Hull!
,BBC Book,The Turning of the Tide
,,The Eyeless
,Big Finish,Hounded
,,
Sarah Jane Adv.,BBC TV,The Last Sontaran (Parts 1 + 2)
,,The Day of the Clown (Parts 1 + 2)
,,Secrets of the Stars (Parts 1 + 2)
,,The Mark of the Berserker (Parts 1 + 2)
,BBC Audio,The Time Capsule
,,The Ghost House
,,The Shadow People
,BBC TV,The Temptation of Sarah Jane Smith (Parts 1 + 2)
,,Enemy of the Bane (Parts 1 + 2)
Doctor Who,BBC TV,The Next Doctor
,BBC Book,The Dust of Ages
,,The Graves of Mordane
,,The Colour of Darkness
,,Depths of Despair
,,The Vampire of Paris
,,The Game of Death
,,The Planet of Oblivion
,,The Picture of Emptiness
,,The Art of War
,,The End of Time
,,The Sontaran Games
,,Judgement of the Judoon
,,The Slitheen Excursion
,,Prisoner of the Daleks
,Big Finish,Churchill Victorious
Sarah Jane Adv.,BBC TV,From Raxacoricofallapatorius with Love'
Doctor Who,,Planet of the Dead
,BBC Audio,The Rising Night
,,The Day of the Troll
,BBC Book,The Taking of Chelsea 426
,,Autonomy
,,The Krillitane Storm
,,The Grief Collector
Torchwood,BBC Audio,The Sin Eaters
,,In the Shadows
,BBC Book,Into the Silence
,,Bay of the Dead
,,The House That Jack Built
,,Risk Assessment
,,The Undertakers Gift
,,The Wrong Hands
,,Virus
,,Consequences
,BBC Audio,Asylum
,,Golden Age
,,The Dead Line
,,The Devil and Miss Carew
,,Submission
,Big Finish,Outbreak
,BBC Audio,Department X
,,Ghost Train
,Big Finish,Dissected
,,Rhys & Ianto's Excellent Barbecue
,,
,,The Lincolnshire Poacher
,BBC TV,Children of Earth: Day 1
,,Children of Earth: Day 2
,,Children of Earth: Day 3
,,Children of Earth: Day 4
,,Children of Earth: Day 5
,,Pause just before ‘6months later’
,BBC Book,Long Time Dead
,Big Finish,Coffee
,,Resume ‘day 5’ at the ‘6months later’
,BBC Audio Drama,The House of the Dead
,Big Finish,What Have I Done?
Doctor Who,BBC TV,Dreamland
Sarah Jane Adv.,BBC Audio,The White Wolf
,BBC TV,Prisoner of the Judoon - (Part 1 + 2)
,,The Mad Woman in the Attic - (Part 1 + 2)
,,The Wedding of Sarah Jane Smith (Part 1 + 2)
,,The Eternity Trap (Part 1 + 2)
,,Mona Lisa’s Revenge - (Part 1 + 2)
,,The Gift - (Part 1 + 2)
Doctor Who,,The Waters of Mars
,BBC Book,"The Knight, The Fool and The Dead"
,,All Flesh is Grass
,BBC Audio,The Minds of Magnox
,Big Finish,The Shattered Hourglass
,BBC Audio,The Last Voyage
,,Dead Air
,BBC Book,Code of the Krillitanes
,BBC Digital,Keeping up with the Joneses
,,The Bog Warrior
,BBC Book,Loose Wire
,Big Finish,Escape From New New York
,,Death in the New Forest
,,The Skies of New Earth
,,The Cats of New Cairo
,,Last Chance
,,Expiry Dating
,,Precious Annihilation
,,Ghosts
,,Out of Time 1
,,Free Speech
,,Slight Glimpses of Tomorrow
,,A Brave New World
,,Soul Music
,,The Gates of Hell
,,Wink
,,Queen of the Mechonoids
,,Buying Time
,,The Wrong Woman
,,The House of Kingdom
,,Cycle of Destruction
,,The Trojan Dalek
,,The Lost
,,The First Son
,,The Dalek Defense
,,The Triumph of Davros
,,The Last Line
,,Splinters
,,The Stuntman
,,Quantum Of Axos
,,"Table for Two, Dinner for One"
,,Echoes of Extinction
,,Mutually Assured Destruction
,BBC TV,The End of Time (Part 1 + 2)
,,To follow the timeline pause after the Doctor leaves a gift for Donna & her new husband
,Webcast,The Secret of Novice Hame
,Big Finish,One Enchanted Evening
,,It Takes a Thief
,,Skin Deep
,,Portrait of a Lady
,,Death on the Mile
,,The Wreck
,,Outback
,,Long Shot
,,Prism
,,The Jago & Lifefoot Revival Act 1 & 2
,,To follow the timeline return to the end of the episode ‘End of Time Part 2’
ELEVENTH DOCTOR (MATT SMITH),,
Doctor Who,BBC TV,The Eleventh Hour
,,"To follow the time line Pause when the Doctor leaves Child Amy,"
,BBC Webcast,The Raggedy Man
,BBC Book,The Girl Who Tore Through The Universe
,,To follow the timeline return to the episode ‘The Eleventh Hour’
,BBC DVD,Meanwhile in the Tardis Scene 1
,BBC TV,The Beast Below
,,Victory of the Daleks
,BBC Audio,The Runaway Train
,BBC Book,Apollo 23
,,Night of the Humans
,,The Forgotten Army
,Big Finish,The Calendar Man
,BBC TV,The Time of Angels (Part 1)
,,Flesh and Stone (Part 2)
,BBC DVD,Meanwhile in the Tardis Scene 2
,BBC Book,The Multi-Faceted War
,,The Coldest War
,,Claws of the Macra
,,Nothing O’Clock
,BBC TV,The Vampires of Venice
,,Amy’s Choice
,BBC Book,Nuclear Time
,,The King’s Dragon
,,The Glamour Chase
,BBC TV,The Hungry Earth
,,Cold Blood
Torchwood,BBC Book,First Born
,BBC Book,The Men Who Sold The World
Doctor Who,BBC Interactive Game,City of the Daleks
,,Blood of the Cyberman
,,TARDIS
,,Shadows of the Vasta Nerada
,BBC TV,Vincent and the Doctor
,,The Lodger
,BBC Audio,Ring of Steel
,BBC Book,The coming of the Terraphiles
,,Judoon Monsoon
,,Empire of the Wolf
,Video Game,Evacuation Earth
,,Return To Earth
,BBC Audio,The Jade Pyramid
,,The Hounds of Artemis
,,The Gemini Contagion
,BBC TV,The Pandora Open (Part 1)
,,The Big Bang (Part 2)
,,To follow the timeline pause at 15:50  and listen to the ‘Lone Centurion’ Volume 01 & 02 audios.
,Big Finish,Gladiator
,,The Unwilling Assassin
,,"I, Rorius"
,,The Once and Future Nurse
,,The Glowing Warrior
,,The Last King of Camelot
,,To follow the timeline resume the episode ‘The Big Bang’ at 15:50.
Sarah Jane Adv.,BBC Audio,Deadly Download
,,Wraith World
,BBC TV,The Nightmare Man (Part 1)
,,Sarah Jane Alien Files #1
,,The Nightmare Man (Part 2)
,,The Vault of Secrets - Part 1 + 2 (S4 E3 +4)
,,Alien Files #2
,,Death of the Doctor (Part 1 + 2)
,,Alien Files #3
,,The Empty Planet - (Part 1 + 2)
,,Alien Files #4
,,Lost in Time (Part 1 + 2)
,,Alien Files #5
,,"Goodbye, Sarah Jane Smith - Part 1 + 2"
,,Alien Files #6
Doctor Who,Big Finish,The Jago & Lifefoot Revival Act 1 & 2
,,The Light Keepers
,,Inside The Maldovarium
,,Altered Status
,,Calamity Jenny
,,Her Own Worst Enemy
,Comic,After Life
,,The Friendly Place
,,What He Wants…
,,Whodunnit/ The Sound of Our Voices
,,Space in Dimension Relative and Time
,,The Eternal Dogfight / The Infinite Astronaut
,,The Rise and Fall / The Other Doctor
,,Four Dimensions
,,Conversion
,,The Comfort of the Good
,,The Then and the Now
,,Pull To Open
,,Outrun
,,The Judas Goatee
,,The One
,,Downtime
,,Running to Stay Still
,,First Rule
,,The Organ Grinder
,,Kill God
,,Fast Asleep
,,Gently Pulls the Strings
,,"Physician, Heal Thyself"
,,Remembrance
,,The Scream
,,The Tragical History Tour
,,Time of the Ood
,,The Memory Feast
,,Fooled
,,Strange Loops
,,Hungry Thirsty Roots
,BBC TV,Death Is the Only Answer
,,A Christmas Carol
,,To follow the timeline pause at 39:06 and listen to audios ‘The Top of the Tree’ & ‘Living History’
,Big Finish,The Top of the Tree
,,Living History
,,To follow the timeline return to watch ‘A Christmas Carol’ (Series 6 Christmas special) at 39:07
,BBC Book,Heart of Stone
,,Death Riders
,,"The Good, The Bad and the Alien"
,,System Wipe
,,Cinderella and the Magic Box
,BBC TV,Space (Part 1)
,,Time (Part 2)
,BBC Book,Dead of Winter
,,The Way Through the Woods
,,Hunter’s Moon
,,Touched by an Angel
,,Paradox Lost
,,Borrowed Time
,BBC Audio,Eye of the Jungle
,BBC Book,Rain of Terror
,,The Underwater War
,,The Web in Space
,,Terminal of Despair
,BBC Audio,The King in Glass
,,"Torchwood: Miracle day should really start here, and go through to season 6 part 2. To keep stories consistent i’ve placed it in the summer hiatus (which might explain why the doctor didn’t help - he’s focused on melody."
Doctor Who,Online Episode,Prequel to The Impossible Astronaut
,BBC TV,The Impossible Astronaut
,,Day of the Moon (Part 2)
,Online Episode,Prequel to The Curse of the Black Spot
,BBC TV,The Curse of the Black Spot
,BBC DVD,#1: Bad Night
,,#2: Good Night
,BBC TV,The Doctor’s Wife
,BBC Book,Terrible Lizards
,,Extra Time
,,The Water Theif
,BBC TV,The Rebel Flesh (Part 1)
,,The Almost People
,BBC Book,A Soldier’s Education
,,The Red-Eyed League
,,The Big Sleep
,Online Episode,Prequel to A Good Man Goes to War
,BBC TV,A Good Man Goes to War (Part 1)
,Online Episode,The Battle of Demons Run: Two Days Later
,Titan Comics,Without A Paddle
Torchwood,BBC TV,The New World
,BBC DVD,Web of Lies - Part 1
,BBC TV,Rendition
,BBC DVD,Web of Lies - Part 2
,BBC TV,Dead of Night
,BBC DVD,Web of Lies - Part 3
,BBC TV,Escape to L.A.
,BBC DVD,Web of Lies - Part 4
,BBC TV,The Categories of Life
,BBC DVD,Web of Lies - Part 5
,BBC TV,The Middle Men
,BBC DVD,Web of Lies - Part 6
,BBC TV,Immortal Sins
,BBC DVD,Web of Lies - Part 7
,BBC TV,End of the Road
,BBC DVD,Web of Lies - Part 8
,BBC TV,The Gathering
,BBC DVD,Web of Lies - Part 9
,BBC TV,The Blood Line
,BBC DVD,Web of Lies - Part 10
,BBC Audio,Army of One
,,Fallout
,,Red Skies
,,Mr Invincible
,BBC Book,The Exodus Code
,Big Finish,Cadoc Point
Doctor Who,BBC Book,The Heist
,Online Episode,Prequel to Let’s Kill Hitler
,BBC TV,Let’s Kill Hitler (Part 2)
,,Night Terrors
,BBC Book,The Three Little Sontarans
,,The Three Brothers Gruff
,,Snow White and the Seven Keys to Doomsday
,BBC TV,The Girl Who Waited
,BBC Audio,Blackout
,BBC Book,The Silent Stars Go By
,BBC Interactive Game,The Gunpowder Plot
,BBC Audio,The Art of Death
,,Darkstar Academy
,,Day of the Cockroach
,Online Episode,#3: First Night
,,#4: Last Night
,BBC TV,The God Complex
,Online Episode,#5: Up All Night
,BBC TV,Closing Time
,Online Episode,Prequel to The Wedding of River Song
,BBC TV,The Wedding of River Song
,BBC Book,Horror of the Space Snakes
,Video Game,The Eternity Clock
,BBC Book,Dark Horizons
,,The Dalek Generation
,,Picnic at Asgard
,,Suspicious Minds
,,A Gamble With Time
,,Death in New Venice
,,River of Time
Sarah Jane Adv.,BBC TV,Sky (Part 1 + 2)
,,The Curse of Clyde Langer (Part 1 + 2)
,,The Man Who Never Was (Part 1 + 2)
,BBC Audio,The Children of Stell
,,Judgement Day
Doctor Who,Online Episode,"Prequel to The Doctor, the Widow and the Wardrobe"
,BBC TV,"The Doctor, The Widow and The Wardrobe"
,BBC Book,Visiting Hours
,BBC Book,Magic of the Angels
,BBC TV,Good as Gold
,BBC Audio,The Nu-Humans
,,The Empty House
,Online Episode,April
,,May
,,June
,,July
,,August
,BBC Book,In Search of lost Time
,Big Finish,The Chartwell Metamorphosis
,BBC Book,The Mist of Sorrow
,Big Finish,The Evolving Dead
,,The Day Before They Came
,,The Melting Pot
,,A Tragical History
,Online Episode,Prequel to Asylum of the Daleks
,BBC TV,Asylum of the Daleks (S7 E1)
,BBC Book,The Dalek Project
,BBC TV,Dinosaurs on a Spaceship
,Online Episode,Prequel to Ep 3
,BBC TV,A Town Called Mercy
,,The Power of Three
,BBC Audio,Sleepers in the Dust
,,Snake Bite
,BBC Book,The Angel’s Kiss
,BBC TV,The Angels Take Manhattan
,Online Episode,P.S.
,Online Episode,Rory’s Story
,BBC Book,The Girl Who Never Grew Up
,BBC Book,Clara Oswald and The Enchanted Forest
,,Father of the Daleks
,,For The Girl Who Has Everything
,,The Gift
,BBC TV,The Great Detective
,BBC Book,Devil in the Smoke: An Adventure for the Great Detective
,Online Episode,Vastra Investigates
,BBC TV,The Snowmen
,BBC Book,The Silurian Gift
,Big Finish,Young Winston
,,The Infinite Today
,,Rearguard
,,Prequel to Geronimo!
,,The Inheritance
,,The House of Masks
,,The End
,,All Of Time And Space
,,The Year
,,Curiosity Shop
,BBC Book,Summer Falls
,BBC DVD,The Inforarium
,Online Episode,Prequel to The Bells of Saint John
,BBC TV,The Bells of Saint John
,,The Rings of Akhaten
,BBC Book,The Jeopardy of Solar Proximity
,BBC TV,Cold War
,BBC Audio,Paradise Lost
,BBC Book,Shroud of Sorrow
,,Clara and the Maze of Cut Palta
,Big Finish,False Coronets
,BBC TV,Hide
,BBC DVD,Clara and the TARDIS
,BBC TV,Journey to the Centre of the TARDIS
,BBC DVD,Rain Gods
,BBC TV,Body Swap Ticket
,,The History of the Doctor
,,The Crimson Horror
,,Nightmare in Silver
,BBC Book,Into the Nowhere
,Online Episode,"She Said, He Said: A Prequel"
,BBC DVD,Clarance and the Whispermen
,BBC TV,The Name of the Doctor
,BBC Book,Plague of the Cybermen
UNIT,Big Finish,The Time Machine
,,Vanguard
,,Earthfall
,,Bridgehead
,,Armageddon
,,Power Cell
,,Death in Geneva
,,The Battle of the Tower
,,Ice Station Alpha
,,House of Silents
,,Square One
,,Silent Majority
,,In Memory Alone
,,Call to Arms
,,Tidal Wave
,,Retrieval
,,United
,,The Dalek Transaction
,,Invocation
,,The Sontaran Project
,,False Negative
,,Game Theory
,,Telepresence
,,Codesilver
,,Master of Worlds
,,Lady Christina has to be here or after because of Sam Bishop
,,Hosts of the Wirrn (Part 1 + 2)
,,Breach of Trust
,,Open the Box
Doctor Who,BBC TV,The Day of the Doctor
,Big Finish,The Two Rivers
,,Beauty On The Inside
,,Black Friday
,,Firewall
,BBC Book,Canaries
,BBC TV,The Time of the Doctor
,BBC Book,Tales of Trenzalore
,,Let it Snow
,,An Apple A Day
,,Strangers in the Outland
,,The Dreaming
,,The Night Harvest
TWELTH DOCTOR (PETER CAPALDI),,
Doctor Who,BBC Book,The Crystal Throne
,Theatrical Release,Prequel to Deep Breath
,BBC TV,Deep Breath
,,Intro the Dalek
,,Robot of Sherwood
,BBC Book,The Blood Cell
,,Silhouette
,,The Crawling Terror
,Big Finish,The Haunting
,,Inside Every warrior
,,The Cars That Ate London
,,A Photograph to Remember
,,The Ghosts of Greenwich
,,Dinning with Death
,,The Screaming Ceiling
,,Spring-Heeled Jack
,,Family Matters
,,Whatever Remain
,,Truth and Bone
,,"Merry Christmas, Mr Jago"
,,The Ghost Writers
,,Rulers of Earth
,BBC Book,A Perfect Christmas
,,Listen
,BBC TV,Listen
,,Time Heist
,,The Caretaker
,Big Finish,The Charge of the Night Brigade
,,War Wounds
,,Distant Voices
,,Field Trip
,Comic,Empire’s Fall
,,The Fractures
,BBC TV,Kill The Moon
,,Mummy on the Orient Express
,,Flatline
,,In The Forest of the Night
,,Dark Water (Part 1)
,,Death in Heaven (Part 2)
,BBC Webcast,Fear Is A Superpower
,BBC Book,The Persistence of Memory
,BBC TV,Last Christmas
,BBC Book,A Long Way Down
,,Sunset Over Venus
,,All The Empty Towers
,,Silver Mosquitoes
,,The Mercy Seats
,,The Constant Doctor
,,Helana and the Beast
,,Royal Blood
,,Big Bang Generation
,,Deep Time
,BBC Audio,The Gods of Winter
,,The House of Winter
,,The Sins of Winter
,,The Memory of Winter
,,The Nightmare Realm
,Comic,Terrorformer
,,The Swords of Kali
,,The Fractures
,,Gangland
,,Unearthly Things
,,The Hyperion Empire
,,Relative Dimensions
,Online Episode,Prologue
,Theatrical Release,The Doctor’s Meditation
,BBC TV,The Magician’s Apprentice
,,The Witch’s Familiar
,,Under The Lake (Part 1)
,,Before The Flood (Part 2)
,,The Girl Who Died (Part 1)
,,The Woman Who Lived (Part 2)
,BBC Book,The Arabian Nightmare
,,The Fortunate Isles
,,The Triple Knife
,,The Ghosts of Branscombe Wood
,Big Finish,The Turn of The Tides
,BBC TV,The Zygon Invasion (Part 1)
,,The Zygon Inversion (Part 2)
,BBC Webcast,The Zygon Isolation
,Big Finish,Narcissus
,Comic,Clara Oswald and the School of Death
,,The Fourth Wall
UNIT,Big Finish,The Enemy Beyond
,,Fire and Ice
,,Eleven’s Eleven
,,The Curator’s Gambit
,,The Man From Gallifrey
,,Power of the Dominators
,,The War Factory
,,Ten Minutes in Hell
,,The Vulpreen Encounte
,,By Jacqui McGee
,,Axos Unleashed
,,Time of the Vulpreen
,,One Way or Another
,,Traitor’s Gate
,,The Destiny Labyrinth
,,True Nemesis
Doctor Who,BBC TV,Sleep No More
,,Face The Raven (Part 1)
,,Heaven Sent (Part 2)
,,Hell Bent (Part 3)
,,The Husbands of River Song
,Comic,Invasion of the Mindmorphs
,,Beneath the Waves
,,The Boy with the Displaced Smile
,BBC Book,Missing Habitas Frond
,,Girl Power!
UNIT,Big Finish,The Sleep of Death
,,Tempest
,,The Power of River Song (Parts 1 + 2)
Doctor Who,The Sacrifice of Jo Grant,
,The Boundless Sea,
,I Went to a Marvelous Party,
,Signs,
,Five Twenty-Nine,
,Time in a Bottle,
,Kings of Infinite Space,
,Whodunnit?,
BBC Book,All That Glitters,
,Off The Trail,
,Ghosts of New York,
,Take the Plunge,
,Spectator Sport,
,Base of Operations,
Class,BBC TV,For Tonight We Might Die
,,The Coach With the Dragon Tattoo
,BBC Book,Joyride
,,The Stone House
,,What She Does Next Will Astound You
,BBC TV,Nightvisiting
,Big Finish,Gifted
,,Life Experience
,,Tell Me You Love Me
,,Everybody Loves Raegan
,,Now You Know…
,,In Remembrance
,BBC TV,Co-Owner of a Lonely Heart
,,Brave-is Heart
,Big Finish,The Soers’ Ditch
,,Catfish
,,Sweet Nothings
,,Mock
,,The Creeper
,BBC TV,Detained
,,"The Metaphysical Engine, or What Quill Did"
,Big Finish Audio,Queen of Rhodia
,BBC TV,The Lost
Doctor Who,,Looking for Pudsey
,BBC Book,Grey Matter
,BBC TV,The Return of Doctor Mysterio
,BBC Audio,The Lost Angel
,,The Lost Planet
,,The Lost Magic
,,The Lost Flame
,BBC Book,The Mondas Touch
,,Baby Sleepy Face
,,Lights Out
,BBC Audio,Death Among the Stars
,,Rhythm of Distraction
,,The Ice Kings
,Big Finish,The Astrea Conspiracy
,,The Best-Laid Plans
,,Dead Media
,,A Song For Running
,,The Bekdel test
,,The Web of Time
,,The Talents of Greel
Torchwood,,Forgotten Lives
,,Smashed
,,More Than This
,,Ghost Mission
,,Made You Look
,,Visiting Hours
,,We Always Get Out Alive
,,Night of the Fendahl
,,Driving Miss Wells
,,Sonny
Doctor Who,Big Finish Audio,Regeneration Impossible
,,Flight To Calandra
,,Split Second
,,The Weight Of History
,BBC TV,Friend from the Future
,,The Pilot
,,Smile
,Comic,Harvest of the Daleks
,BBC TV,Thin Ice
,,Knock Knock
,BBC Book,Bill and the Three Jackets
,,Diamond Dogs
,,Plague City
,,The Shining Man
,Big Finish,Emancipation Of The Daleks
,BBC TV,Oxygen
,,Extremis (Part 1)
,,The Pyramid at the End of the World (Part 2)
,,The Lie of the Land (Part 3)
,,Empress of Mars
,BBC Book,Sirgwain and the Green Knight
,Comic,The Wolves of Winter
,,Alpha
,,Ninth Doctor Special
,,Tenth Doctor Special
,,Eleventh Doctor Special
,,Special #1
,,The Twelfth Doctor Special
,,Special #2
,,Omega
,,The Great Shopping Bill
,,A Confusion of Angels
,,Tulpa
,http://downloads.bbc.co.uk/tv/isite-static/doctorwho/stories/doctor-who-and-the-horror-of-coal-hill.pdf),"Doctor Who and the Horror of Coal Hill
BBC Adventure Calendar (Web): Doctor Who and the Horror of Coal Hill"
,BBC TV,The Eaters of Light
,BBC Book,Pain Management
,,Inflicting Christmas
,Big Finish,A Spoonful of Mayhem
,,"Divorced, Beheaded, Regenerated"
,,The Broken Clock
,,The Belly of the Beast
,,The Lumiat
,,Brimstone and Terror
,,Treason and Plot
,,Too Many Masters
,,Masterful
,BBC Books,Tempered
,Online Episode,The Best of Days
,,"Farewell, Sarah Jane"
,BBC TV,World Enough and Time (Part 1)
,BBC Book,Alit in Underland
,,Dismemberment
,,Lords and Masers
,,Teddy Sparkles Must Die
,,Missy’s Magical Mystery Mission
,Big Finish,Body and Soulless
,,War Seed
,,"Two Monks, One Mistress"
,BBC TV,The Doctor Falls (Part 2)
,BBC Webcast,The Best of Days
,BBC TV,Twice Upon A Time
,,"In-Between Times
Titan Comics: Operation Volcano (Graphic Novel) (Story 4)"
Torchwood,Comic,World Without End
,,Station Zero
,,The Culling
,Big Finish,Changes Everything
,,
,BBC Webcast,Incoming Message
,Big Finish,Aliens & Sex & Chips & Gravy
,,Orr
,,Superiority Complex
,,Love Rat
,,Dead Man’s Switch
,,A Kill to a View
,,Zero Hour
,,The Empty Hand
,,Poker Face
,,Tagged
,,Escape Room
,,Herald of the Dawn
,,Cardiff Unknown
,,Deadbeat Escape
,,Sargasso
,,Future Pain
,,The Man Who Destroyed Torchwood
,,See No Evil
,,Night Watch
,,Flight 405
,,Hostile Environment
,,The Green Life
,,Another Man’s Shoes
,,Eve of the Storm
,,A Mother’s Son
,,ScrapeJane
,,Day Zero
,,Thoughts and Prayers
,,Red Base
Doctor Who,,Colony of strangers
,,Abbey of Heretics
,,Barrister to the Stars
,,Carnival of Angels
,,a brief history of the time lords book.
THIRTEENTH DOCTOR (JODI WITTIKER),,
Doctor Who,BBC Book,The Myriapod Mutiny
,,Things She Thought While Falling
,Comic,The Many Lives of Doctor Who
,BBC TV,The Woman Who Fell to Earth
,,The Ghost Monument
,,Rosa
,BBC Book,Chasing the Dawn
,BBC TV,Arachnids in the UK
,BBC Book,"That’s All Right, Mam"
,,Christmas with the Plasmarovs
,BBC Book,The Good Doctor
,,Molten Heart
,,Combat Magicks
,,Einstein and the Doctor
,BBC TV,The Tsuranga Conundrum
,BBC Book,The Secret in Vault 13
,,"The Liar, the Glitch and the War zone"
,,Letters from the Front
,BBC TV,Demons of the Punjab
,BBC Book,Who-Dini?
,BBC TV,Kerblam!
,,The Witchfinders
,BBC Book,Time Lapse
,,Gatecrashers
,,Citation Needed
,Comic,A New Beginning
,,Hidden Human History
,,Old Friends
,BBC TV,It Takes You Away
,,The Battle of Ranskoor Av Kolos
,BBC Book,The Rhino of Twenty-Three Strand Street
,BBC Webcast,Doctors Assemble!
,Comic,Holiday Special
,BBC TV,Resolution
,BBC Book,Scratchman
,,The Pythagoras Problem
,,Mission of the KaaDok
,,The Ruby’s Curse
,,Chemistry
,BBC TV,Spyfall - Part 1
,BBC Book,Press Play
,BBC TV,Spyfall - Part 2
,,Orphan 55
,,Nikola Tesla’s Night of Terror
,,Fugitive of the Judoon
Torchwood,Big Finish,The Red List
,,Death In Venice
,,A Postcard From Mr. Colchester
Doctor Who,BBC TV,Praxeus
,BBC Book,At Childhood’s End
,Comic,A Little Help from My Friends
,,Alternating Current
,Webcast,A Message from the Doctor
,,"United We Stand, 2m apart"
,,Doctor’s Assemble
,BBC Book,Press Play
,,The Shadow Passes
,,The Simple Things
,,The Maze of Doom
,,Team TARDIS: Paper Moon
,,Team TARDIS: Ghost Town
,,The Paradox Moon
,,The Tourist
,,Fellow Traveller
,,The Master and Margarita
,,The Wonderful Doctor of Oz
,BBC TV,Can You Hear Me?
,,The Haunting of Vila Diodati (Part 1)
,,Ascension of the Cybermen (Part 2)
,,The Timeless Children (Part 3)
,BBC Book,Andiba and the Four Slitheen
,Webcast,14681 UNIT Field Log
,,14682 UNIT Field Log
,,14683 UNIT Field Log
,,14684 UNIT Field Log
,BBC Book,The Terror of the Umpty Ums
,,Shadow of a Doubt
,,The Shadow in the Mirror
,BBC Book,The Annual 2021
,BBC TV,Revolution of the Daleks
,BBC Book,Ruby’s Curse
,Video Game,The Edge of Time
,,The Edge Of Reality
,,The Lonely Assassins
,BBC TV,The Halloween Apocalypse
,,War of the Sontarans
,,"Once, Upon Time"
,,Village of The Angels
,,Survivors of the Flux
,,The Vanquishers
,,Eve of the Daleks
,,Legend of the Sea Devils
,BBC Audio,SOS
,,Hysteria
,,Lost
,,Angels
,,Interrogation
,,Recruits
,,Requiem
,,Ghosts
,,Rescue
,,Salvation
,BBC TV,The Power Of The Doctor
FOURTEENTH DOCTOR (David Tennant),,
Doctor Who,Comic,Liberation Of The Daleks
,Multi,Dooms day
,BBC TV,Children In Need Special
,BBC Audio,Doctor Who: Redacted series 2
,BBC TV,The Star Beast
,,Wild Blue Yonder
,,The Giggle
FIFTEENTH DOCTOR (Ncuti Gatwa),,
Doctor Who,BBC TV,The Church of Ruby Road
Torchwood,Big Finish,Mighty and Despair
,,Empire Of Shadows
,,The Torchwood Archive